Keyword (Arabic),Volume,Translation (English) - as provided,Original Section (as you sent it),Change Note
تفسير حلم سقوط الاسنان,21000,Interpretation of dream of teeth falling,TEETH,
تفسير حلم وقوع الاسنان,14000,Interpretation of dream of teeth falling,TEETH,
تفسير حلم سقوط الأسنان في اليد بدون ألم,4200,Interpretation of dream of teeth falling in hand without pain,TEETH,
تفسير حلم سقوط الأسنان للعزباء,3500,Interpretation of dream of teeth falling for single woman,TEETH,
حلم سقوط الاسنان,3100,Dream of teeth falling,TEETH,
سقوط الاسنان في المنام,2400,Teeth falling in a dream,TEETH,
تفسير حلم سقوط الأسنان بدون دم,2400,Interpretation of dream of teeth falling without blood,TEETH,
سقوط الأسنان في المنام للمتزوجة,2200,Teeth falling in a dream for married woman,TEETH,
سقوط الأسنان في المنام,1900,Teeth falling in a dream,TEETH,
الاسنان في المنام,1700,Teeth in a dream,TEETH,
تفسير الاحلام سقوط الاسنان,1600,Dream interpretation of teeth falling,TEETH,
تفسير حلم سقوط سن واحد,1500,Interpretation of dream of one tooth falling,TEETH,
تفسير سقوط الاسنان في المنام,1400,Interpretation of teeth falling in a dream,TEETH,
سقوط الأسنان في المنام لابن سيرين,1400,Teeth falling in a dream by Ibn Sirin,TEETH,
تفسير منام سقوط الاسنان,1000,Interpretation of dream of teeth falling,TEETH,
وقوع الاسنان في الحلم,1000,Teeth falling in the dream,TEETH,
تفسير حلم سقوط سن واحد من الفك العلوي,970,Interpretation of dream of one tooth falling from upper jaw,TEETH,
وقوع الضرس في المنام للمتزوجة,900,Molar falling in a dream for married woman,TEETH,
تفسير حلم تساقط الاسنان,750,Interpretation of dream of teeth falling out,TEETH,
رؤية سقوط الاسنان في المنام,710,Seeing teeth falling in a dream,TEETH,
حلم وقوع الاسنان,700,Dream of teeth falling,TEETH,
تفسير حلم سقوط الأسنان في اليد للمتزوجة,700,Interpretation of dream of teeth falling in hand for married woman,TEETH,
تفسير حلم وقوع الضرس,700,Interpretation of dream of molar falling,TEETH,
سقوط الضرس في المنام للمتزوجة بدون ألم,700,Molar falling in a dream for married woman without pain,TEETH,
تفسير حلم سقوط الأسنان بدون دم للعزباء,620,Interpretation of dream of teeth falling without blood for single woman,TEETH,
ما تفسير حلم وقوع الاسنان,600,What is the interpretation of a dream of teeth falling,TEETH,
تفسير حلم سقوط سن واحد فقط,600,Interpretation of dream of only one tooth falling,TEETH,
تفسير حلم سقوط الأسنان الأمامية العلوية للعزباء,580,Interpretation of dream of upper front teeth falling for single woman,TEETH,
تفسير وقوع الاسنان في الحلم,560,Interpretation of teeth falling in the dream,TEETH,
حلمت ان اسناني وقعت,500,I dreamed that my teeth fell out,TEETH,
ماتفسير حلم سقوط الاسنان,490,What's the interpretation of dream of teeth falling,TEETH,
سقوط الاسنان في الحلم,470,Teeth falling in the dream,TEETH,
وقوع الاسنان في المنام,420,Teeth falling in a dream,TEETH,
تفسير حلم سقوط الأسنان في اليد بدون ألم للعزباء,410,Interpretation of dream of teeth falling in hand without pain for single woman,TEETH,
تفسير حلم سقوط سن واحد سفلي,410,Interpretation of dream of one lower tooth falling,TEETH,
تفسير سقوط الاسنان في الحلم,390,Interpretation of teeth falling in the dream,TEETH,
حلم تساقط الاسنان,370,Dream of teeth falling out,TEETH,
سقوط الأسنان في المنام للمتزوجة بدون دم,350,Teeth falling in a dream for married woman without blood,TEETH,
سقوط السن في المنام,340,Tooth falling in a dream,TEETH,
كسر السن في المنام,340,Breaking a tooth in a dream,TEETH,
تفسير حلم الأسنان للعزباء,330,Interpretation of dream of teeth for single woman,TEETH,
حلم الاسنان تطيح,300,Dream of teeth falling out,TEETH,
تفسير رؤية سقوط الاسنان في المنام,300,Interpretation of vision of teeth falling in a dream,TEETH,
تفسير حلم وقوع الاسنان الامامية,300,Interpretation of dream of front teeth falling,TEETH,
ما تفسير حلم سقوط الاسنان,290,What is the interpretation of a dream of teeth falling,TEETH,
تفسير حلم الاسنان,270,Interpretation of dream of teeth,TEETH,
وقوع السن في المنام,270,Tooth falling in a dream,TEETH,
تفسير الاحلام خلع الاسنان,260,Dream interpretation of teeth extraction,TEETH,
تفسير حلم سقوط سن واحد فقط بدون ألم,260,Interpretation of dream of only one tooth falling without pain,TEETH,
تفسير الاحلام خلع السن,260,Dream interpretation of tooth extraction,TEETH,
تفسير الاحلام خلع الضرس,260,Dream interpretation of molar extraction,TEETH,
تفسير الاحلام سقوط الاسنان,250,Dream interpretation of teeth falling,TEETH,
ماهو تفسير حلم سقوط الاسنان,250,What is the interpretation of dream of teeth falling,TEETH,
تفسير حلم سقوط الأسنان في اليد بدون ألم للمتزوجه,250,Interpretation of dream of teeth falling in hand without pain for married woman,TEETH,
حلمت ان سني طاح,250,I dreamed that my tooth fell,TEETH,
تفسير حلم سقوط سن واحد فقط للمتزوجة,250,Interpretation of dream of only one tooth falling for married woman,TEETH,
تفسير وقوع الاسنان في المنام,240,Interpretation of teeth falling in a dream,TEETH,
تساقط الاسنان في المنام,230,Teeth falling in a dream,TEETH,
حلم سقوط الاسنان الامامية,230,Dream of front teeth falling,TEETH,
سقوط سن في المنام,230,Tooth falling in a dream,TEETH,
تفسير سقوط الاسنان,220,Interpretation of teeth falling,TEETH,
الحلم بسقوط الاسنان,210,Dream of teeth falling,TEETH,
الأسنان في المنام للمتزوجة,210,Teeth in a dream for married woman,TEETH,
تفسير الاحلام تساقط الاسنان,210,Dream interpretation of teeth falling,TEETH,
حلمت ان اسناني طاحت,200,I dreamed that my teeth fell,TEETH,
سقوط الأسنان الأمامية في المنام للمتزوجة,200,Front teeth falling in a dream for married woman,TEETH,
تفسير حلم سقوط ضرس,200,Interpretation of dream of molar falling,TEETH,
تكسر الاسنان في المنام,170,Teeth breaking in a dream,TEETH,
تفسير الاحلام لابن سيرين سقوط الاسنان,170,"Dream interpretation by Ibn Sirin, teeth falling",TEETH,
تفسير حلم وقوع سنه من الفم,150,Interpretation of dream of a tooth falling from the mouth,TEETH,
حلم كسر السن,150,Dream of tooth breaking,TEETH,
قلع السن بالمنام,150,Tooth extraction in a dream,TEETH,
تفسير حلم خلع الضرس بدون ألم للعزباء,150,Interpretation of dream of molar extraction without pain for single woman,TEETH,
تفسير حلم سقوط الأسنان والامساك بها للعزباء,140,Interpretation of dream of teeth falling and holding them for single woman,TEETH,
تفسير الاحلام كسر الاسنان,140,Dream interpretation of teeth breaking,TEETH,
تفسير الاحلام وقوع الاسنان,140,Dream interpretation of teeth falling,TEETH,
تفسير الاحلام كسر السن,140,Dream interpretation of tooth breaking,TEETH,
حلم سقوط سن واحد,130,Dream of one tooth falling,TEETH,
تفسير حلم الاسنان تسقط,120,Interpretation of dream of teeth falling,TEETH,
الاسنان الامامية في المنام,120,Front teeth in a dream,TEETH,
حلم الاسنان,110,Dream of teeth,TEETH,
ماتفسير سقوط الاسنان في المنام,110,What's the interpretation of teeth falling in a dream,TEETH,
تفسير حلم الاسنان بتقع,100,Interpretation of dream of teeth falling,TEETH,
حلم الاسنان بتقع,100,Dream of teeth falling,TEETH,
منام سقوط الاسنان,100,Teeth falling in a dream,TEETH,
الحلم بوقوع الاسنان,100,Dream of teeth falling,TEETH,
سقوط الأسنان في المنام للرجل,100,Teeth falling in a dream for a man,TEETH,
تفسير حلم الاسنان تطيح,100,Interpretation of dream of teeth falling out,TEETH,
تفسير حلم وقوع الاسنان كلها,100,Interpretation of dream of all teeth falling,TEETH,
حلم تكسر الاسنان,100,Dream of teeth breaking,TEETH,
حلمت سني طاح,100,I dreamed my tooth fell,TEETH,
تفسير حلم وقوع السن,100,Interpretation of dream of a tooth falling,TEETH,
تفسير حلم سني وقع,100,"Interpretation of dream, my tooth fell",TEETH,
تفسير حلم سقوط سن,100,Interpretation of dream of a tooth falling,TEETH,
حلمت ان سنتى وقعت,100,I dreamed my tooth fell,TEETH,
تفسير حلم سقوط سن واحد فقط من الفك العلوي للمتزوجة,100,Interpretation of dream of only one tooth falling from upper jaw for married woman,TEETH,
ما هو تفسير حلم وقوع الاسنان,90,What is the interpretation of dream of teeth falling,TEETH,
تفسير حلم تكسر الاسنان,90,Interpretation of dream of teeth breaking,TEETH,
حلمت ان اسناني وقعت في ايدي,90,I dreamed my teeth fell in my hand,TEETH,
تفسير حلم سقوط الأسنان لابن سيرين,90,Interpretation of dream of teeth falling by Ibn Sirin,TEETH,
ماتفسير حلم وقوع الاسنان,80,What's the interpretation of dream of teeth falling,TEETH,
ما تفسير سقوط الاسنان في المنام,80,What is the interpretation of teeth falling in a dream,TEETH,
تفسير حلم سقوط الأسنان,80,Interpretation of dream of teeth falling,TEETH,
تفسير حلم اسناني بتقع,80,"Interpretation of dream, my teeth are falling",TEETH,
تفسير حلم سقوط الأسنان في اليد بدون دم,80,Interpretation of dream of teeth falling in hand without blood,TEETH,
تفسير حلم وقوع الاسنان في اليد,80,Interpretation of dream of teeth falling in hand,TEETH,
سقوط سن واحد في المنام,80,One tooth falling in a dream,TEETH,
تفسير حلم سن يوكع,80,Interpretation of dream of a tooth falling,TEETH,
تفسير منام سقوط سن واحد,80,Interpretation of dream of one tooth falling,TEETH,
تفسير كسر السن في المنام,80,Interpretation of tooth breaking in a dream,TEETH,
حلمت ضرسي طاح,70,I dreamed my molar fell,TEETH,
تساقط الاسنان في الحلم,70,Teeth falling in the dream,TEETH,
ما معنى سقوط الاسنان في المنام,70,What does teeth falling in a dream mean,TEETH,
حلم طيح الاسنان,60,Dream of teeth falling out,TEETH,
تفسير حلم سقوط الاسنان السفلية,60,Interpretation of dream of lower teeth falling,TEETH,
تفسير حلم سقوط الأسنان الأمامية العلوية,60,Interpretation of dream of upper front teeth falling,TEETH,
تفسير حلم سقوط الأسنان الأمامية العلوية في اليد,60,Interpretation of dream of upper front teeth falling in hand,TEETH,
تفسير حلم سقوط السن,60,Interpretation of dream of tooth falling,TEETH,
حلمت ان سنتي اتكسرت,60,I dreamed my tooth broke,TEETH,
انكسار السن في المنام,60,Tooth breaking in a dream,TEETH,
تفسير حلم سقوط الضرس,60,Interpretation of dream of molar falling,TEETH,
حلمت ان اسناني بتقع,50,I dreamed my teeth are falling,TEETH,
حلم اسناني تطيح,50,Dream of teeth falling out,TEETH,
حلمت ان اسناني كلها وقعت,50,I dreamed all my teeth fell,TEETH,
السن في المنام,50,Tooth in a dream,TEETH,
تفسير حلم سني طاح,50,"Interpretation of dream, my tooth fell",TEETH,
تفسير حلم وكع السن,50,Interpretation of dream of tooth falling,TEETH,
تفسير حلم سقوط سن واحد فقط للعزباء,50,Interpretation of dream of only one tooth falling for single woman,TEETH,
ما تفسير كسر السن في المنام,50,What is the interpretation of tooth breaking in a dream,TEETH,
حلم الضرس يطيح,50,Dream of molar falling out,TEETH,
تفسير الاحلام نزع الضرس,50,Dream interpretation of molar extraction,TEETH,
ما هو تفسير حلم سقوط الاسنان,40,What is the interpretation of a dream about teeth falling out,TEETH,
تفسير حلم اسناني تسقط,40,Interpretation of a dream that my teeth are falling out,TEETH,
تفسير حلم سقوط الأسنان السفلية,40,Interpretation of a dream about lower teeth falling out,TEETH,
تفسير حلم كسر الاسنان,40,Interpretation of a dream about breaking teeth,TEETH,
سقوط الاسنان في اليد في المنام,40,Teeth falling into the hand in a dream,TEETH,
تفسير حلم السن يطيح,40,Interpretation of a dream about a tooth falling,TEETH,
سقوط السن الامامي في المنام,40,Front tooth falling out in a dream,TEETH,
حلم سقوط سن,40,Dream of a tooth falling out,TEETH,
تفسير الاحلام خلع الضرس في المنام,40,Dream interpretation - tooth extraction in a dream,TEETH,
تفسير الاحلام ضرس يسقط,40,Dream interpretation - a molar falling out,TEETH,
سقوط اسنان في المنام,30,Teeth falling out in a dream,TEETH,
رؤية اسناني تسقط في المنام,30,Seeing my teeth fall out in a dream,TEETH,
الأسنان في المنام,30,Teeth in a dream,TEETH,
تفسير وقوع الاسنان,30,Interpretation of teeth falling out,TEETH,
تفسير تساقط الاسنان في المنام,30,Interpretation of teeth falling out in a dream,TEETH,
سقوط الاسنان بالحلم,30,Teeth falling out in a dream,TEETH,
حلمت اسناني طاحت,30,I dreamed my teeth fell out,TEETH,
تفسير حلم طيح الاسنان,30,Interpretation of a dream about teeth falling,TEETH,
سقوط الاسنان الامامية العلوية في المنام,30,Upper front teeth falling out in a dream,TEETH,
حلم سقوط الاسنان السفلية,30,Dream of lower teeth falling out,TEETH,
تفسير حلم سقوط الأسنان السفلية للعزباء,30,Interpretation of a dream about lower teeth falling out for a single woman,TEETH,
تفسير حلم تكسير الاسنان,30,Interpretation of a dream about breaking teeth,TEETH,
تفسير حلم سقوط الأسنان الأمامية العلوية للمتزوجه,30,Interpretation of a dream about upper front teeth falling out for a married woman,TEETH,
حلمت اني سنتي وقعت,30,I dreamed my tooth fell,TEETH,
حلم السن يطيح,30,Dream of a tooth falling,TEETH,
حلمت ان سني الامامي طاح,30,I dreamed my front tooth fell,TEETH,
تفسير حلم سقوط السن الامامي,30,Interpretation of a dream about a front tooth falling out,TEETH,
تفسير حلم وقوع السنة الامامية,30,Interpretation of a dream about the front tooth falling,TEETH,
تفسير حلم سقوط الضرس العلوي,30,Interpretation of a dream about an upper molar falling out,TEETH,
سقوط الرحى في المنام,30,Molar falling out in a dream,TEETH,
تفسير الاحلام كسر الضرس,30,Dream interpretation - breaking a molar,TEETH,
الاسنان في الحلم,20,Teeth in a dream,TEETH,
رؤية الأسنان في المنام,20,Seeing teeth in a dream,TEETH,
اسنان في المنام,20,Teeth in a dream,TEETH,
حلم تفسير سقوط الاسنان,20,Dream interpretation - teeth falling out,TEETH,
ما تفسير وقوع الاسنان في المنام,20,What is the interpretation of teeth falling in a dream?,TEETH,
تفسير حلم اسنان تسقط,20,Interpretation of a dream about teeth falling,TEETH,
معنى وقوع الاسنان فى الحلم,20,Meaning of teeth falling in a dream,TEETH,
طيح الاسنان بالحلم,20,Teeth falling in a dream,TEETH,
تفسير حلم وقع الاسنان,20,Interpretation of a dream about teeth falling,TEETH,
تفسير حلم ان اسناني بتقع,20,Interpretation of a dream that my teeth are falling,TEETH,
الحلم بتساقط الاسنان,20,Dreaming of teeth falling out,TEETH,
سقوط الأسنان في المنام للعزباء,20,Teeth falling out in a dream for a single woman,TEETH,
تفسير حلم وقوع الاسنان السفليه,20,Interpretation of a dream about lower teeth falling,TEETH,
وقوع الاسنان الامامية في المنام,20,Front teeth falling in a dream,TEETH,
تفسير حلم سقوط الأسنان والامساك بها,20,Interpretation of a dream about teeth falling out and holding them,TEETH,
الحلم بالاسنان,20,Dreaming about teeth,TEETH,
تفسير حلم سقوط الاسنان الاماميه,20,Interpretation of a dream about front teeth falling out,TEETH,
تفسير حلم سقوط الأسنان في اليد للعزباء,20,Interpretation of a dream about teeth falling into the hand for a single woman,TEETH,
حلم تكسير الاسنان,20,Dream of breaking teeth,TEETH,
تفسير الاحلام وقع الاسنان,20,Dream interpretation - teeth falling,TEETH,
تفسير حلم سن طاح,20,Interpretation of a dream about a tooth falling,TEETH,
تفسير سقوط السن في المنام,20,Interpretation of a tooth falling out in a dream,TEETH,
تفسير حلم وقوع سنه,20,Interpretation of a dream about a tooth falling,TEETH,
حلمت ان سنتى اتخلعت,20,I dreamed my tooth got knocked out,TEETH,
تفسير حلم وقوع سن واحد,20,Interpretation of a dream about one tooth falling,TEETH,
سقوط الضرس في المنام,20,Molar falling out in a dream,TEETH,
تفسير سقوط الضرس في المنام,20,Interpretation of a molar falling out in a dream,TEETH,
تفسير الأحلام سقوط الأسنان,10,Dream interpretation - teeth falling out,TEETH,
تفسير حلم سقوط اسنان,10,Interpretation of a dream about teeth falling out,TEETH,
تفسير حلم سقوط الاسنان العلوية,10,Interpretation of a dream about upper teeth falling out,TEETH,
رؤية وقوع الاسنان في المنام,10,Seeing teeth fall in a dream,TEETH,
رؤية الاسنان تسقط في المنام,10,Seeing teeth fall out in a dream,TEETH,
حلم الاسنان تقع,10,Dream of teeth falling,TEETH,
معنى سقوط الاسنان في الحلم,10,Meaning of teeth falling out in a dream,TEETH,
ماهو تفسير سقوط الاسنان في المنام,10,What is the interpretation of teeth falling out in a dream,TEETH,
حلم بسقوط الاسنان,10,Dream of teeth falling out,TEETH,
سقوط الاسنان السفليه بالمنام,10,Lower teeth falling out in a dream,TEETH,
تفسير حلم وقوع الأسنان,10,Interpretation of a dream about teeth falling,TEETH,
معنى سقوط الاسنان في المنام,10,Meaning of teeth falling out in a dream,TEETH,
رؤية الاسنان تتساقط في المنام,10,Seeing teeth falling out in a dream,TEETH,
تفسير حلم الاسنان تتساقط,10,Interpretation of a dream about teeth falling out,TEETH,
حلمت اني اسناني وقعت,10,I dreamed my teeth fell out,TEETH,
رؤية تساقط الاسنان في المنام,10,Seeing teeth falling out in a dream,TEETH,
تفسير حلم رؤية سقوط الاسنان,10,Interpretation of a dream about seeing teeth fall out,TEETH,
تفسير الاحلام تساقط الاسنان,10,Dream interpretation - teeth falling out,TEETH,
تفسير الاسنان في الحلم,10,Interpretation of teeth in a dream,TEETH,
تفسير حلم سقوط سنتين من الفك العلوي,10,Interpretation of a dream about two teeth falling from the upper jaw,TEETH,
حلم فقدان الاسنان,10,Dream of losing teeth,TEETH,
حلم الاسنان تسقط,10,Dream of teeth falling out,TEETH,
تفسير حلم اسناني طاحت,10,Interpretation of a dream that my teeth fell,TEETH,
تفسير حلم اسناني تقع,10,Interpretation of a dream that my teeth are falling,TEETH,
تفسير الاحلام الاسنان,10,Dream interpretation - teeth,TEETH,
تفسير حلم سقوط الاسنان للبنت العزباء,10,Interpretation of a dream about teeth falling out for a single girl,TEETH,
تفسير طيح الاسنان,10,Interpretation of teeth falling,TEETH,
حلمت ان اسناني الاماميه وقعت,10,I dreamed my front teeth fell out,TEETH,
تفسير سقوط الاسنان في المنام للعزباء,10,Interpretation of teeth falling out in a dream for a single woman,TEETH,
تفسير حلم وقوع الأسنان للعزباء,10,Interpretation of a dream about teeth falling for a single woman,TEETH,
تفسير تساقط الاسنان في الحلم,10,Interpretation of teeth falling out in a dream,TEETH,
رؤية سقوط الاسنان,10,Seeing teeth fall out,TEETH,
تفسير منام سقوط الاسنان للعزباء,10,Interpretation of a dream about teeth falling out for a single woman,TEETH,
حلم اسنان تطيح,10,Dream of teeth falling,TEETH,
حلم وقع الاسنان,10,Dream of teeth falling,TEETH,
تفسير حلم سقوط الأسنان الأمامية,10,Interpretation of a dream about front teeth falling out,TEETH,
وقوع الاسنان في المنام للعزباء,10,Teeth falling in a dream for a single woman,TEETH,
سقوط جميع الاسنان في المنام,10,All teeth falling out in a dream,TEETH,
رؤية في المنام سقوط الاسنان,10,Seeing teeth fall out in a dream,TEETH,
حلم طيحة الاسنان,10,Dream of teeth falling,TEETH,
تفسير حلم رؤية سقوط الاسنان للعزباء,10,Interpretation of a dream about seeing teeth fall out for a single woman,TEETH,
تفسير الاسنان في المنام,10,Interpretation of teeth in a dream,TEETH,
حلمت ان سناني بتقع,10,I dreamed my teeth were falling,TEETH,
طيح الاسنان في المنام,10,Teeth falling in a dream,TEETH,
تفسير حلم الأسنان الأمامية,10,Interpretation of a dream about front teeth,TEETH,
سقوط الأسنان الاصطناعية في المنام للعزباء,10,Artificial teeth falling out in a dream for a single woman,TEETH,
تفسير حلم سقوط الأسنان في اليد بدون دم للعزباء,10,Interpretation of a dream about teeth falling into the hand without blood for a single woman,TEETH,
الأسنان الأمامية في المنام للمتزوجة,10,Front teeth in a dream for a married woman,TEETH,
رؤية سقوط الاسنان في المنام للعزباء,10,Seeing teeth fall out in a dream for a single woman,TEETH,
تفسير حلم وقوع الاسنان للمتزوجه,10,Interpretation of a dream about teeth falling for a married woman,TEETH,
سقوط الأسنان في المنام للرجل المتزوج,10,Teeth falling out in a dream for a married man,TEETH,
سقوط الأسنان في المنام بدون دم للحامل,10,Teeth falling out without blood in a dream for a pregnant woman,TEETH,
وقوع الاسنان فى الحلم,10,Teeth falling in a dream,TEETH,
تفسير الاحلام ظهور اسنان طفل رضيع,10,Dream interpretation - a baby's teeth appearing,TEETH,
تفسير حلم سقوط الأسنان ومحاولة إرجاعها,10,Dream interpretation teeth falling out and trying to put them back,TEETH,
تفسير حلم وقوع الاسنان لابن سيرين,10,Interpretation of a dream about teeth falling by Ibn Sirin,TEETH,
تفسير سقوط سن في المنام,10,Interpretation of a tooth falling out in a dream,TEETH,
وقع السن في المنام,10,Tooth fell out in a dream,TEETH,
حلم سقوط السن,10,Dream of a tooth falling out,TEETH,
تفسير سقوط السن,10,Interpretation of a tooth falling out,TEETH,
رؤية سقوط سن في المنام,10,Seeing a tooth fall out in a dream,TEETH,
ماتفسير وقوع السن في المنام,10,What is the interpretation of a tooth falling in a dream,TEETH,
وقوع سنه في الحلم,10,A tooth falling in a dream,TEETH,
تفسير حلم سقوط سنه من الفك العلوي,10,Interpretation of a dream about a tooth falling from the upper jaw,TEETH,
تفسير حلم السنه وقعت,10,Interpretation of a dream that the tooth fell,TEETH,
حلمت انه سني طاح,10,I dreamed my tooth fell,TEETH,
تفسير سقوط السن الامامي,10,Interpretation of a front tooth falling out,TEETH,
حلمت سني الامامي طاح,10,I dreamed my front tooth fell,TEETH,
تفسير وقوع السن في الحلم,10,Interpretation of a tooth falling in a dream,TEETH,
ما معنى وقوع السن في المنام,10,What is the meaning of a tooth falling in a dream,TEETH,
تفسير حلم وقوع سن,10,Interpretation of a dream about a tooth falling,TEETH,
وقوع السن في المنام للعزباء,10,A tooth falling in a dream for a single woman,TEETH,
ما تفسير وقوع السن في المنام,10,What is the interpretation of a tooth falling in a dream,TEETH,
حلمت ان سنتي وقعت,10,I dreamed my tooth fell,TEETH,
تفسير حلم طيح السن,10,Interpretation of a dream about a tooth falling,TEETH,
سقوط الناب في المنام,10,Canine tooth falling out in a dream,TEETH,
تفسير حلم سنه اتخلعت,10,Interpretation of a dream about a tooth getting knocked out,TEETH,
تفسير حلم كسر السن,10,Interpretation of a dream about breaking a tooth,TEETH,
تفسير حلم سقوط الناب,10,Interpretation of a dream about a canine tooth falling out,TEETH,
تفسير حلم السن المخلوع,10,Interpretation of a dream about an extracted tooth,TEETH,
تفسير كسر السن,10,Interpretation of breaking a tooth,TEETH,
تفسير حلم وقوع الناب,10,Interpretation of a dream about a canine tooth falling,TEETH,
تفسير الاحلام سقوط الضرس,10,Dream interpretation - molar falling out,TEETH,
تفسير سقوط الضرس,10,Interpretation of a molar falling out,TEETH,
تفسير حلم سقوط الضرس العلوي الأيسر,10,Interpretation of a dream about the upper left molar falling out,TEETH,
تفسير منام سقوط اسنان,0,Dream interpretation teeth falling out,TEETH,
تفسير حلم الاسنان تقع,0,Dream interpretation teeth falling,TEETH,
تفسير رؤية سقوط الاسنان,0,Interpretation of seeing teeth fall out,TEETH,
رؤية اسنان تسقط في المنام,0,Seeing teeth fall out in a dream,TEETH,
حلم بوقوع الاسنان,0,Dream of teeth falling,TEETH,
تفسير الاسنان بالحلم,0,Interpretation of teeth in a dream,TEETH,
تفسير حلم فقدان الاسنان,0,Dream interpretation losing teeth,TEETH,
حلم سقوط الضرس بدون ألم,0,Dream of a molar falling out without pain,TEETH,
تفسير الاحلام وقوع الاسنان,0,Dream interpretation teeth falling out,TEETH,
سقوط الاسنان العلوية في المنام,0,Upper teeth falling out in a dream,TEETH,
تفسير الحلم بوقوع الاسنان,0,Interpretation of the dream of teeth falling,TEETH,
تفسير حلم سقوط الأسنان في اليد,0,Dream interpretation teeth falling into the hand,TEETH,
تفسير رؤية تساقط الاسنان,0,Interpretation of seeing teeth falling,TEETH,
تفسير حلم تساقط الأسنان,0,Dream interpretation teeth falling,TEETH,
الحلم بالأسنان تسقط,0,The dream of teeth falling,TEETH,
حلمت اسناني وقعت,0,I dreamed my teeth fell out,TEETH,
تساقط الأسنان في المنام,0,Teeth falling out in a dream,TEETH,
سقوط الاسنان بالمنام,0,Teeth falling out in a dream,TEETH,
تفسير حلم سقوط أسنان شخص آخر,0,Dream interpretation another person's teeth falling out,TEETH,
تفسير حلم الاسنان وقعت,0,Dream interpretation teeth fell out,TEETH,
تفسير رؤية الاسنان تسقط,0,Interpretation of seeing teeth fall out,TEETH,
سقوط الاسنان الاماميه,0,Front teeth falling out,TEETH,
حلمت اسناني تطيح,0,I dreamed my teeth were falling,TEETH,
حلم اسنان تسقط,0,Dream teeth falling out,TEETH,
تفسير سقوط الاسنان الامامية,0,Interpretation of front teeth falling out,TEETH,
تفسير حلم سقوط جميع الاسنان,0,Dream interpretation all teeth falling out,TEETH,
تفسير حلم سقوط الاسنان للعزباء,0,Dream interpretation teeth falling out for a single woman,TEETH,
تفسير المنام سقوط الاسنان,0,Dream interpretation teeth falling out,TEETH,
حلمت ان سنه من اسناني وقعت,0,I dreamed one of my teeth fell out,TEETH,
معنى حلم سقوط الاسنان,0,The meaning of dreaming about teeth falling out,TEETH,
حلمت ان اسناني سقطت,0,I dreamed my teeth fell out,TEETH,
تفسير سقوط اسنان,0,Interpretation of teeth falling out,TEETH,
تفسير سقوط الاسنان بالمنام,0,Interpretation of teeth falling out in a dream,TEETH,
حلم اسنان تقع,0,Dream teeth falling,TEETH,
تفسير رؤية وقوع الاسنان,0,Interpretation of seeing teeth fall,TEETH,
حلم سقوط الأسنان,0,Dream of teeth falling out,TEETH,
وقوع الاسنان بالحلم,0,Teeth falling out in a dream,TEETH,
رؤية وقوع الاسنان,0,Seeing teeth fall,TEETH,
تفسير حلم تساقط الأسنان للعزباء,0,Dream interpretation teeth falling for a single woman,TEETH,
ما معنى وقوع الاسنان في المنام,0,What is the meaning of teeth falling out in a dream,TEETH,
تفسير حلم وقوع الأسنان والضروس,0,Dream interpretation teeth and molars falling out,TEETH,
تفسير حلم فقدان الأسنان,0,Dream interpretation losing teeth,TEETH,
تفسير الاحلام الاسنان تسقط,0,Dream interpretation teeth falling out,TEETH,
تفسير الاسنان تطيح,0,Interpretation of teeth falling,TEETH,
حلمت ان اسناني الاماميه طاحت,0,I dreamed my front teeth fell out,TEETH,
تفسير حلم اسنان تطيح,0,Dream interpretation teeth falling,TEETH,
تفسير حلم سقوط الأسنان للمتزوجة,0,Dream interpretation teeth falling out for a married woman,TEETH,
حلم وقوع الاسنان للعزباء,0,Dream of teeth falling for a single woman,TEETH,
تفسير تساقط الاسنان,0,Interpretation of teeth falling out,TEETH,
رؤية سقوط الاسنان الامامية في المنام,0,Seeing front teeth fall out in a dream,TEETH,
تفسير حلم سقوط الأسنان في اليد للرجل,0,Dream interpretation teeth falling into the hand for a man,TEETH,
تفسير رؤية سقوط الاسنان في المنام للعزباء,0,Interpretation of seeing teeth fall out in a dream for a single woman,TEETH,
تفسير حلم وقوع الاسنان للعزباء,0,Dream interpretation teeth falling for a single woman,TEETH,
سقوط الأسنان في المنام بدون دم,0,Teeth falling out in a dream without blood,TEETH,
تفسير حلم تكسير الأسنان بدون دم,0,Dream interpretation teeth breaking without blood,TEETH,
نوم سقوط الاسنان,0,Dream of teeth falling out,TEETH,
تفسير حلم سناني بتقع,0,Dream interpretation my teeth falling,TEETH,
تفسير حلم وقوع الاسنان والضروس,0,Dream interpretation teeth and molars falling out,TEETH,
تفسير الحلم بسقوط الاسنان,0,Interpretation of the dream of teeth falling out,TEETH,
هر الاسنان في المنام,0,Teeth in a dream (unclear term),TEETH,
سقوط الأسنان الأمامية في المنام,0,Front teeth falling out in a dream,TEETH,
حلم سقوط الاسنان للعزباء,0,Dream of teeth falling out for a single woman,TEETH,
سقوط الأسنان الأمامية في المنام للعزباء,0,Front teeth falling out in a dream for a single woman,TEETH,
تفسير حلم سقوط الاسنان العلوية للعزباء,0,Dream interpretation upper teeth falling out for a single woman,TEETH,
سقوط الاسنان في منام العزباء,0,Teeth falling out in a single woman's dream,TEETH,
هل سقوط الأسنان يدل على الموت,0,Does teeth falling out indicate death,TEETH,
تفسير حلم سقوط الأسنان مع البكاء للعزباء,0,Dream interpretation teeth falling out with crying for a single woman,TEETH,
تفسير حلم سقوط الأسنان في اليد للمتزوجه,0,Dream interpretation teeth falling into the hand for a married woman,TEETH,
الحلم بطيح الاسنان,0,The dream of teeth falling,TEETH,
رؤية سقوط الاسنان في الحلم,0,Seeing teeth fall out in a dream,TEETH,
تفسير حلم وقوع الأسنان الأمامية,0,Dream interpretation front teeth falling out,TEETH,
تفسير حلم تنظيف الأسنان بالفرشاة والمعجون,0,Dream interpretation brushing teeth with toothbrush and toothpaste,TEETH,
تفسير وقوع الاسنان للمتزوجه,0,Interpretation of teeth falling for a married woman,TEETH,
مامعنى سقوط الاسنان في المنام,0,What is the meaning of teeth falling out in a dream,TEETH,
وقع الاسنان في المنام,0,Teeth falling in a dream,TEETH,
تفسير حلم وقوع الاسنان والضروس للعزباء,0,Dream interpretation teeth and molars falling for a single woman,TEETH,
تفسير حلم سقوط الأسنان العلوية للعزباء,0,Dream interpretation upper teeth falling out for a single woman,TEETH,
سقوط الأسنان في المنام للعزباء مع دم,0,Teeth falling out in a dream for a single woman with blood,TEETH,
تفسير حلم سقوط الأسنان مع البكاء للمتزوجة,0,Dream interpretation teeth falling out with crying for a married woman,TEETH,
حلم اسناني وقعت,0,Dream my teeth fell out,TEETH,
تفسير حلم الاسنان تسقط للعزباء,0,Dream interpretation teeth falling out for a single woman,TEETH,
تفسير حلم سقوط الأسنان بدون دم وألم,0,Dream interpretation teeth falling out without blood or pain,TEETH,
تفسير حلم سقوط الأسنان بدون دم للمتزوجه,0,Dream interpretation teeth falling out without blood for a married woman,TEETH,
حلم سقوط اسنان,0,Dream of teeth falling out,TEETH,
الحلم بسقوط الأسنان,0,The dream of teeth falling out,TEETH,
تفسير وقع الاسنان,0,Interpretation of teeth falling,TEETH,
تفسير حلم سقوط الاسنان الامامية للعزباء,0,Dream interpretation front teeth falling out for a single woman,TEETH,
تفسير حلم سقوط الأسنان مع الدم للمتزوجة,0,Dream interpretation teeth falling out with blood for a married woman,TEETH,
تفسير حلم سقوط الأسنان السفلي بدون دم,0,Dream interpretation lower teeth falling out without blood,TEETH,
تفسير حلم سقوط الأسنان مع البكاء,0,Dream interpretation teeth falling out with crying,TEETH,
تفسير حلم الاسنان بتقع للعزباء,0,Dream interpretation teeth falling for a single woman,TEETH,
وقوع الاسنان بالمنام,0,Teeth falling out in a dream,TEETH,
تفسير احلام وقوع الاسنان,0,Dream interpretation teeth falling out,TEETH,
tafsir ahlam asnan,0,Dream interpretation - teeth,TEETH,
تفسير حلم ان اسناني وقعت,0,Dream interpretation my teeth fell out,TEETH,
تفسير سقوط الاسنان السفلى,0,Interpretation of lower teeth falling out,TEETH,
رؤية الاسنان تسقط,0,Seeing teeth fall out,TEETH,
نوم سقوط الاسنان في المنام,0,Dream of teeth falling out in a dream,TEETH,
تفسير حلم سقوط الأسنان السفلى للعزباء,0,Dream interpretation lower teeth falling out for a single woman,TEETH,
سقوط الاسنان السفلى في المنام,0,Lower teeth falling out in a dream,TEETH,
حلمت ان بنتي الرضيعة طلع لها أسنان,0,I dreamed my infant daughter got teeth,TEETH,
تفسير سقوط الاسنان في الحلم للعزباء,0,Interpretation of teeth falling out in a dream for a single woman,TEETH,
تفسير حلم اسنان تقع,0,Dream interpretation teeth falling,TEETH,
رؤية أسنان شخص آخر في المنام,0,Seeing another person's teeth in a dream,TEETH,
حلم سقوط الأسنان كلها,0,Dream of all teeth falling out,TEETH,
سقوط الأسنان كلها في المنام,0,All teeth falling out in a dream,TEETH,
تفسير حلم سقوط الأسنان لشخص آخر,0,Dream interpretation another person's teeth falling out,TEETH,
هل سقوط الأسنان في الحلم خير,0,Is teeth falling out in a dream a good sign,TEETH,
تفسير حلم سقوط سن واحد فقط من الفك العلوي,0,Dream interpretation one tooth falling from the upper jaw,TEETH,
رؤية سقوط السن في المنام,0,Seeing a tooth fall out in a dream,TEETH,
تفسير حلم وقوع السن للعزباء,0,Dream interpretation tooth falling for a single woman,TEETH,
تفسير رؤية سقوط سن في المنام,0,Interpretation of seeing a tooth fall out in a dream,TEETH,
رؤية وقوع السن في المنام,0,Seeing a tooth fall in a dream,TEETH,
تفسير حلم سقوط سن واحد سفلي في اليد,0,Dream interpretation one lower tooth falling into the hand,TEETH,
تفسير حلم سنة وقعت,0,Dream interpretation a tooth fell out,TEETH,
تفسير حلم سقوط سنه من الفك السفلي,0,Dream interpretation a tooth falling from the lower jaw,TEETH,
سقوط السن الامامي في المنام للعزباء,0,Front tooth falling out in a dream for a single woman,TEETH,
طيح السن في المنام,0,Tooth falling in a dream,TEETH,
سقوط السن في المنام للعزباء,0,Tooth falling out in a dream for a single woman,TEETH,
حلم سقوط الناب العلوي,0,Dream of upper canine tooth falling out,TEETH,
تفسير حلم سقوط سن واحد علوي للمتزوجه,0,Dream interpretation one upper tooth falling for a married woman,TEETH,
سقوط ناب في المنام,0,A canine tooth falling out in a dream,TEETH,
تفسير حلم طيحة السن,0,Dream interpretation a tooth falling,TEETH,
تفسير حلم سقوط سن واحد بدون دم للمتزوجه,0,Dream interpretation one tooth falling without blood for a married woman,TEETH,
الحلم بسقوط السن,0,The dream of a tooth falling out,TEETH,
تفسير وقوع سنه في المنام,0,Interpretation of a tooth falling in a dream,TEETH,
تفسير سقوط السن في المنام للعزباء,0,Interpretation of a tooth falling out in a dream for a single woman,TEETH,
تفسير حلم وقوع سنه للعزباء,0,Dream interpretation a tooth falling for a single woman,TEETH,
تفسير حلم سقوط سن واحد مع دم,0,Dream interpretation one tooth falling with blood,TEETH,
تفسير حلم وقوع السنه,0,Dream interpretation the tooth falling,TEETH,
تفسير حلم سقوط الرحى للعزباء,0,Dream interpretation molar falling out for a single woman,TEETH,
سقوط سن في المنام للعزباء,0,A tooth falling out in a dream for a single woman,TEETH,
تفسير حلم وقع سنه,0,Dream interpretation a tooth fell,TEETH,
طيحة السن بالحلم,0,A tooth falling in a dream,TEETH,
وقوع الناب في الحلم,0,A canine tooth falling out in a dream,TEETH,
سقوط الناب العلوي في المنام للمتزوجة,0,Upper canine tooth falling out in a dream for a married woman,TEETH,